{
  "version": 1,
  "author": "Matrodsilva SemiYahoo",
  "editor": "wokwi",
  "parts": [
    { "type": "wokwi-breadboard-mini", "id": "bb1", "top": 17.8, "left": 103.2, "attrs": {} },
    { "type": "board-esp32-c3-devkitm-1", "id": "esp", "top": -0.3, "left": -3.78, "attrs": {} },
    {
      "type": "wokwi-mpu6050",
      "id": "imu1",
      "top": -55.22,
      "left": 107.68,
      "rotate": 180,
      "attrs": { "i2cAddress": "0x57" }
    },
    {
      "type": "board-ssd1306",
      "id": "oled1",
      "top": -73.66,
      "left": 201.83,
      "attrs": { "i2cAddress": "0x3c" }
    },
    {
      "type": "wokwi-led",
      "id": "led1",
      "top": -94.4,
      "left": 129,
      "rotate": 180,
      "attrs": { "color": "red" }
    }
  ],
  "connections": [
    [ "esp:TX", "$serialMonitor:RX", "", [] ],
    [ "esp:RX", "$serialMonitor:TX", "", [] ],
    [ "esp:GND.6", "bb1:1b.j", "black", [ "v-0.3", "h22.6" ] ],
    [ "esp:5V.2", "bb1:2b.j", "red", [ "h-13.38", "v18.9", "h134.4" ] ],
    [ "imu1:VCC", "bb1:2b.f", "red", [ "v19.2", "h9.52", "v76.8" ] ],
    [ "imu1:INT", "bb1:8b.f", "yellow", [ "v0" ] ],
    [ "bb1:8b.j", "esp:0", "yellow", [ "v57.6", "h-220.8", "v-96" ] ],
    [ "oled1:VCC", "bb1:2b.f", "red", [ "v-9.6", "h-47.85", "v115.2", "h-76.8" ] ],
    [ "esp:10", "bb1:16b.j", "cyan", [ "h-48", "v86.4", "h307.2" ] ],
    [ "esp:1", "bb1:17b.j", "blue", [ "h-57.6", "v105.6", "h326.4" ] ],
    [ "oled1:SDA", "bb1:16b.f", "cyan", [ "v-9.6", "h48.07", "v96", "h-57.6" ] ],
    [ "oled1:SCL", "bb1:17b.f", "blue", [ "v-19.2", "h67.5", "v115.2", "h-48" ] ],
    [ "led1:C", "esp:GND.1", "black", [ "v-14", "h-153.6" ] ],
    [ "led1:A", "esp:3", "orange", [ "v-4.4", "h-153.2", "v201.6" ] ],
    [ "imu1:SCL", "bb1:3b.f", "green", [ "v0" ] ],
    [ "imu1:SDA", "bb1:4b.f", "limegreen", [ "v0" ] ],
    [ "bb1:3b.j", "esp:1", "green", [ "v38.4", "h-153.6", "v-67.2" ] ],
    [ "bb1:4b.j", "esp:10", "limegreen", [ "v48", "h-172.8", "v-67.2" ] ],
    [ "oled1:GND", "bb1:1b.f", "black", [ "v-19.2", "h-48", "v96", "h-86.4", "v86.4" ] ],
    [ "imu1:GND", "bb1:1b.f", "black", [ "v9.6", "h-19.28", "v86.4" ] ]
  ],
  "dependencies": {}
}